Workbook

Sheet Data
A1: کد شعبه | B1: نام شعبه | C1: منطقه | D1: میانگین سپرده ها | E1: تعداد سپرده ها | F1: میانگین تسهیلات | G1: تعداد تسهیلات | H1: میانگین تعهدات | I1: تعداد تعهدات | J1: حجم عملیات | K1: سود (زیان)
A2: 101 | B2: غدير | C2: تهران غرب | D2: =AVERAGEIF('سپرده ها'!A:A, A2, 'سپرده ها'!Q:Q) -> 4.3914706e+13 | E2: =AVERAGEIF('تعداد سپرده ها'!A:A, A2, 'تعداد سپرده ها'!C:C) -> 33733.417 | F2: =AVERAGEIF('میانگین مانده تسهیلات'!A:A, A2, 'میانگین مانده تسهیلات'!C:C) -> 8.4358392e+13 | G2: =AVERAGEIF('میانگین تعداد تسهیلات'!A:A, A2, 'میانگین تعداد تسهیلات'!C:C) -> 609.75 | H2: =AVERAGEIF('میانگین تعهدات'!A:A, A2, 'میانگین تعهدات'!C:C) -> 9.1078514e+13 | I2: =AVERAGEIF('میانگین تعداد تعهدات'!A:A, A2, 'میانگین تعداد تعهدات'!C:C) -> 401 | J2: {=LOOKUP(2, 1/('تعداد حجم عملیات'!A:A=A2), 'تعداد حجم عملیات'!C:C)} -> 181485 | K2: {=LOOKUP(2, 1/('سود و زیان'!B:B=A2), 'سود و زیان'!C:C)} -> 10765429399129
A3: 102 | B3: آفريقا | C3: تهران مرکز | D3: =AVERAGEIF('سپرده ها'!A:A, A3, 'سپرده ها'!Q:Q) -> 5.4692261e+13 | E3: =AVERAGEIF('تعداد سپرده ها'!A:A, A3, 'تعداد سپرده ها'!C:C) -> 69538.917 | F3: =AVERAGEIF('میانگین مانده تسهیلات'!A:A, A3, 'میانگین مانده تسهیلات'!C:C) -> 1.3314265e+14 | G3: =AVERAGEIF('میانگین تعداد تسهیلات'!A:A, A3, 'میانگین تعداد تسهیلات'!C:C) -> 1028.9167 | H3: =AVERAGEIF('میانگین تعهدات'!A:A, A3, 'میانگین تعهدات'!C:C) -> 1.4667279e+14 | I3: =AVERAGEIF('میانگین تعداد تعهدات'!A:A, A3, 'میانگین تعداد تعهدات'!C:C) -> 600.58333 | J3: {=LOOKUP(2, 1/('تعداد حجم عملیات'!A:A=A3), 'تعداد حجم عملیات'!C:C)} -> 257150 | K3: {=LOOKUP(2, 1/('سود و زیان'!B:B=A3), 'سود و زیان'!C:C)} -> 14016278358235
A4: 103 | B4: فاطمي | C4: تهران مرکز | D4: =AVERAGEIF('سپرده ها'!A:A, A4, 'سپرده ها'!Q:Q) -> 1.5115661e+13 | E4: =AVERAGEIF('تعداد سپرده ها'!A:A, A4, 'تعداد سپرده ها'!C:C) -> 27736.667 | F4: =AVERAGEIF('میانگین مانده تسهیلات'!A:A, A4, 'میانگین مانده تسهیلات'!C:C) -> 2.356769e+13 | G4: =AVERAGEIF('میانگین تعداد تسهیلات'!A:A, A4, 'میانگین تعداد تسهیلات'!C:C) -> 255.25 | H4: =AVERAGEIF('میانگین تعهدات'!A:A, A4, 'میانگین تعهدات'!C:C) -> 2.10695e+13 | I4: =AVERAGEIF('میانگین تعداد تعهدات'!A:A, A4, 'میانگین تعداد تعهدات'!C:C) -> 251 | J4: {=LOOKUP(2, 1/('تعداد حجم عملیات'!A:A=A4), 'تعداد حجم عملیات'!C:C)} -> 127420 | K4: {=LOOKUP(2, 1/('سود و زیان'!B:B=A4), 'سود و زیان'!C:C)} -> -5689428057655
A5: 104 | B5: کارگرشمالي | C5: تهران غرب | D5: =AVERAGEIF('سپرده ها'!A:A, A5, 'سپرده ها'!Q:Q) -> 1.4389436e+13 | E5: =AVERAGEIF('تعداد سپرده ها'!A:A, A5, 'تعداد سپرده ها'!C:C) -> 30743.167 | F5: =AVERAGEIF('میانگین مانده تسهیلات'!A:A, A5, 'میانگین مانده تسهیلات'!C:C) -> 1.0118969e+13 | G5: =AVERAGEIF('میانگین تعداد تسهیلات'!A:A, A5, 'میانگین تعداد تسهیلات'!C:C) -> 201.16667 | H5: =AVERAGEIF('میانگین تعهدات'!A:A, A5, 'میانگین تعهدات'!C:C) -> 4.085219e+12 | I5: =AVERAGEIF('میانگین تعداد تعهدات'!A:A, A5, 'میانگین تعداد تعهدات'!C:C) -> 168 | J5: {=LOOKUP(2, 1/('تعداد حجم عملیات'!A:A=A5), 'تعداد حجم عملیات'!C:C)} -> 129994 | K5: {=LOOKUP(2, 1/('سود و زیان'!B:B=A5), 'سود و زیان'!C:C)} -> 1452637742913
A6: 105 | B6: پاسداران | C6: تهران شرق | D6: =AVERAGEIF('سپرده ها'!A:A, A6, 'سپرده ها'!Q:Q) -> 2.8650134e+13 | E6: =AVERAGEIF('تعداد سپرده ها'!A:A, A6, 'تعداد سپرده ها'!C:C) -> 32499.833 | F6: =AVERAGEIF('میانگین مانده تسهیلات'!A:A, A6, 'میانگین مانده تسهیلات'!C:C) -> 51372721432195 | G6: =AVERAGEIF('میانگین تعداد تسهیلات'!A:A, A6, 'میانگین تعداد تسهیلات'!C:C) -> 251.75 | H6: =AVERAGEIF('میانگین تعهدات'!A:A, A6, 'میانگین تعهدات'!C:C) -> 4.3408683e+13 | I6: =AVERAGEIF('میانگین تعداد تعهدات'!A:A, A6, 'میانگین تعداد تعهدات'!C:C) -> 159.75 | J6: {=LOOKUP(2, 1/('تعداد حجم عملیات'!A:A=A6), 'تعداد حجم عملیات'!C:C)} -> 99099 | K6: {=LOOKUP(2, 1/('سود و زیان'!B:B=A6), 'سود و زیان'!C:C)} -> 3962061437580
A7: 106 | B7: حافظ | C7: تهران مرکز | D7: =AVERAGEIF('سپرده ها'!A:A, A7, 'سپرده ها'!Q:Q) -> 1.384646e+13 | E7: =AVERAGEIF('تعداد سپرده ها'!A:A, A7, 'تعداد سپرده ها'!C:C) -> 25155.583 | F7: =AVERAGEIF('میانگین مانده تسهیلات'!A:A, A7, 'میانگین مانده تسهیلات'!C:C) -> 2.6710228e+13 | G7: =AVERAGEIF('میانگین تعداد تسهیلات'!A:A, A7, 'میانگین تعداد تسهیلات'!C:C) -> 362.16667 | H7: =AVERAGEIF('میانگین تعهدات'!A:A, A7, 'میانگین تعهدات'!C:C) -> 4.4842936e+11 | I7: =AVERAGEIF('میانگین تعداد تعهدات'!A:A, A7, 'میانگین تعداد تعهدات'!C:C) -> 24.25 | J7: {=LOOKUP(2, 1/('تعداد حجم عملیات'!A:A=A7), 'تعداد حجم عملیات'!C:C)} -> 144687 | K7: {=LOOKUP(2, 1/('سود و زیان'!B:B=A7), 'سود و زیان'!C:C)} -> 1447626472292
A8: 107 | B8: تهرانپارس | C8: تهران شرق | D8: =AVERAGEIF('سپرده ها'!A:A, A8, 'سپرده ها'!Q:Q) -> 1.1899344e+13 | E8: =AVERAGEIF('تعداد سپرده ها'!A:A, A8, 'تعداد سپرده ها'!C:C) -> 47342.667 | F8: =AVERAGEIF('میانگین مانده تسهیلات'!A:A, A8, 'میانگین مانده تسهیلات'!C:C) -> 3.7427406e+12 | G8: =AVERAGEIF('میانگین تعداد تسهیلات'!A:A, A8, 'میانگین تعداد تسهیلات'!C:C) -> 369.25 | H8: =AVERAGEIF('میانگین تعهدات'!A:A, A8, 'میانگین تعهدات'!C:C) -> 4.62786e+10 | I8: =AVERAGEIF('میانگین تعداد تعهدات'!A:A, A8, 'میانگین تعداد تعهدات'!C:C) -> 12.583333 | J8: {=LOOKUP(2, 1/('تعداد حجم عملیات'!A:A=A8), 'تعداد حجم عملیات'!C:C)} -> 164084 | K8: {=LOOKUP(2, 1/('سود و زیان'!B:B=A8), 'سود و زیان'!C:C)} -> 1774546466530
A9: 108 | B9: نياوران | C9: تهران شرق | D9: =AVERAGEIF('سپرده ها'!A:A, A9, 'سپرده ها'!Q:Q) -> 1.9377069e+13 | E9: =AVERAGEIF('تعداد سپرده ها'!A:A, A9, 'تعداد سپرده ها'!C:C) -> 27552.167 | F9: =AVERAGEIF('میانگین مانده تسهیلات'!A:A, A9, 'میانگین مانده تسهیلات'!C:C) -> 10681752675233 | G9: =AVERAGEIF('میانگین تعداد تسهیلات'!A:A, A9, 'میانگین تعداد تسهیلات'!C:C) -> 226.08333 | H9: =AVERAGEIF('میانگین تعهدات'!A:A, A9, 'میانگین تعهدات'!C:C) -> 1.0910486e+13 | I9: =AVERAGEIF('میانگین تعداد تعهدات'!A:A, A9, 'میانگین تعداد تعهدات'!C:C) -> 92.833333 | J9: {=LOOKUP(2, 1/('تعداد حجم عملیات'!A:A=A9), 'تعداد حجم عملیات'!C:C)} -> 137950 | K9: {=LOOKUP(2, 1/('سود و زیان'!B:B=A9), 'سود و زیان'!C:C)} -> 902181992219
A10: 109 | B10: بازار | C10: تهران مرکز | D10: =AVERAGEIF('سپرده ها'!A:A, A10, 'سپرده ها'!Q:Q) -> 7.2867726e+12 | E10: =AVERAGEIF('تعداد سپرده ها'!A:A, A10, 'تعداد سپرده ها'!C:C) -> 19854.083 | F10: =AVERAGEIF('میانگین مانده تسهیلات'!A:A, A10, 'میانگین مانده تسهیلات'!C:C) -> 7.0493204e+12 | G10: =AVERAGEIF('میانگین تعداد تسهیلات'!A:A, A10, 'میانگین تعداد تسهیلات'!C:C) -> 192.25 | H10: =AVERAGEIF('میانگین تعهدات'!A:A, A10, 'میانگین تعهدات'!C:C) -> 6.1473826e+11 | I10: =AVERAGEIF('میانگین تعداد تعهدات'!A:A, A10, 'میانگین تعداد تعهدات'!C:C) -> 7.75 | J10: {=LOOKUP(2, 1/('تعداد حجم عملیات'!A:A=A10), 'تعداد حجم عملیات'!C:C)} -> 128843 | K10: {=LOOKUP(2, 1/('سود و زیان'!B:B=A10), 'سود و زیان'!C:C)} -> 1187645074535
A11: 110 | B11: قائم مقام | C11: تهران مرکز | D11: =AVERAGEIF('سپرده ها'!A:A, A11, 'سپرده ها'!Q:Q) -> 2.607854e+13 | E11: =AVERAGEIF('تعداد سپرده ها'!A:A, A11, 'تعداد سپرده ها'!C:C) -> 19755 | F11: =AVERAGEIF('میانگین مانده تسهیلات'!A:A, A11, 'میانگین مانده تسهیلات'!C:C) -> 1.9697632e+13 | G11: =AVERAGEIF('میانگین تعداد تسهیلات'!A:A, A11, 'میانگین تعداد تسهیلات'!C:C) -> 304.91667 | H11: =AVERAGEIF('میانگین تعهدات'!A:A, A11, 'میانگین تعهدات'!C:C) -> 140101370888807 | I11: =AVERAGEIF('میانگین تعداد تعهدات'!A:A, A11, 'میانگین تعداد تعهدات'!C:C) -> 848 | J11: {=LOOKUP(2, 1/('تعداد حجم عملیات'!A:A=A11), 'تعداد حجم عملیات'!C:C)} -> 157288 | K11: {=LOOKUP(2, 1/('سود و زیان'!B:B=A11), 'سود و زیان'!C:C)} -> 5635848070304
A12: 111 | B12: سعادت آباد | C12: تهران غرب | D12: =AVERAGEIF('سپرده ها'!A:A, A12, 'سپرده ها'!Q:Q) -> 3.3570044e+13 | E12: =AVERAGEIF('تعداد سپرده ها'!A:A, A12, 'تعداد سپرده ها'!C:C) -> 68620 | F12: =AVERAGEIF('میانگین مانده تسهیلات'!A:A, A12, 'میانگین مانده تسهیلات'!C:C) -> 3.1354803e+13 | G12: =AVERAGEIF('میانگین تعداد تسهیلات'!A:A, A12, 'میانگین تعداد تسهیلات'!C:C) -> 277.58333 | H12: =AVERAGEIF('میانگین تعهدات'!A:A, A12, 'میانگین تعهدات'!C:C) -> 1.5679185e+13 | I12: =AVERAGEIF('میانگین تعداد تعهدات'!A:A, A12, 'میانگین تعداد تعهدات'!C:C) -> 238.66667 | J12: {=LOOKUP(2, 1/('تعداد حجم عملیات'!A:A=A12), 'تعداد حجم عملیات'!C:C)} -> 220495 | K12: {=LOOKUP(2, 1/('سود و زیان'!B:B=A12), 'سود و زیان'!C:C)} -> 3620277750769
A13: 112 | B13: تجريش | C13: تهران مرکز | D13: =AVERAGEIF('سپرده ها'!A:A, A13, 'سپرده ها'!Q:Q) -> 1.9356835e+13 | E13: =AVERAGEIF('تعداد سپرده ها'!A:A, A13, 'تعداد سپرده ها'!C:C) -> 30793.833 | F13: =AVERAGEIF('میانگین مانده تسهیلات'!A:A, A13, 'میانگین مانده تسهیلات'!C:C) -> 2.3370004e+13 | G13: =AVERAGEIF('میانگین تعداد تسهیلات'!A:A, A13, 'میانگین تعداد تسهیلات'!C:C) -> 481.41667 | H13: =AVERAGEIF('میانگین تعهدات'!A:A, A13, 'میانگین تعهدات'!C:C) -> 4.5895014e+13 | I13: =AVERAGEIF('میانگین تعداد تعهدات'!A:A, A13, 'میانگین تعداد تعهدات'!C:C) -> 99.833333 | J13: {=LOOKUP(2, 1/('تعداد حجم عملیات'!A:A=A13), 'تعداد حجم عملیات'!C:C)} -> 146268 | K13: {=LOOKUP(2, 1/('سود و زیان'!B:B=A13), 'سود و زیان'!C:C)} -> 1838148431757
... A224: 4021 | B224: بازار سما عسلويه | C224: جنوب غرب | D224: =AVERAGEIF('سپرده ها'!A:A, A224, 'سپرده ها'!Q:Q) -> 2.6559963e+12 | E224: =AVERAGEIF('تعداد سپرده ها'!A:A, A224, 'تعداد سپرده ها'!C:C) -> 39384.583 | F224: =AVERAGEIF('میانگین مانده تسهیلات'!A:A, A224, 'میانگین مانده تسهیلات'!C:C) -> 2.7645252e+11 | G224: =AVERAGEIF('میانگین تعداد تسهیلات'!A:A, A224, 'میانگین تعداد تسهیلات'!C:C) -> 116.08333 | H224: =AVERAGEIF('میانگین تعهدات'!A:A, A224, 'میانگین تعهدات'!C:C) -> 7.0301845e+11 | I224: =AVERAGEIF('میانگین تعداد تعهدات'!A:A, A224, 'میانگین تعداد تعهدات'!C:C) -> 18.25 | J224: {=LOOKUP(2, 1/('تعداد حجم عملیات'!A:A=A224), 'تعداد حجم عملیات'!C:C)} -> 57622 | K224: {=LOOKUP(2, 1/('سود و زیان'!B:B=A224), 'سود و زیان'!C:C)} -> 226579527465

Sheet سپرده ها
A1: ID_Branch | B1: SHYEARMONTH | C1: avg_jari | D1: avg_pasandaz | E1: avg_moddatdar | F1: avg | G1: avg_jari_mozoon | H1: avg_pasandaz_mozoon | I1: avg_moddatdar_mozoon | J1: avg_mozoon | K1: tedad_moshtarian_balaye20darsad | L1: mojmooe_risk_tamarkoz | M1: avg_mozoon_tadilshode | N1: avg_pishdaryaft | O1: avg_sepordenaghdi | P1: avg_sayeresepordeha | Q1: avg_Total
A2: 101 | B2: 140401 | C2: 2.4673808e+12 | D2: 5.3032648e+11 | E2: 1.2925216e+13 | F2: 1.5922923e+13 | G2: 2.8178007e+12 | H2: 6.0564397e+11 | I2: 1.3410803e+13 | J2: 1.6834248e+13 | M2: 1.6834248e+13 | N2: 3.7549923e+11 | O2: 1.1950741e+12 | P2: 1.8886671e+13 | Q2: 3.7291492e+13
A3: 102 | B3: 140401 | C3: 4.1438481e+12 | D3: 1.2779024e+12 | E3: 16594497948378 | F3: 22016248459028 | G3: 4.7323615e+12 | H3: 1.4593914e+12 | I3: 1.6220076e+13 | J3: 2.2411829e+13 | M3: 2.2411829e+13 | N3: 5025759596145 | O3: 4.4141644e+12 | P3: 1.3941577e+13 | Q3: 4.579333e+13
A4: 103 | B4: 140401 | C4: 8.2298506e+11 | D4: 2.4432673e+11 | E4: 7.4127162e+12 | F4: 8.480028e+12 | G4: 9.3986623e+11 | H4: 2.7902625e+11 | I4: 7.0513018e+12 | J4: 8.2701943e+12 | M4: 8.2701943e+12 | N4: 945719998 | O4: 5.5564997e+11 | P4: 4.0291026e+12 | Q4: 1.2855893e+13
A5: 104 | B5: 140401 | C5: 5.7113381e+11 | D5: 2.412535e+11 | E5: 1.0701032e+13 | F5: 1.1513419e+13 | G5: 6.5224681e+11 | H5: 2.7551656e+11 | I5: 1.0290433e+13 | J5: 1.1218196e+13 | M5: 1.1218196e+13 | N5: 0 | O5: 1.7032026e+11 | P5: 2.325096e+12 | Q5: 1.3713613e+13
A6: 105 | B6: 140401 | C6: 1.4449018e+11 | D6: 1.9606388e+11 | E6: 1.3950256e+13 | F6: 1.429081e+13 | G6: 1.6501082e+11 | H6: 2.2390906e+11 | I6: 1.3284298e+13 | J6: 13673218196141 | M6: 13673218196141 | N6: 11160547440 | O6: 6.3249875e+11 | P6: 1.2574336e+13 | Q6: 2.6891213e+13
A7: 106 | B7: 140401 | C7: 8.3519677e+11 | D7: 1.4301162e+11 | E7: 7.807853e+12 | F7: 8.7860614e+12 | G7: 9.5381225e+11 | H7: 1.6332227e+11 | I7: 6.8838405e+12 | J7: 8.000975e+12 | K7: 1 | L7: 0.310951 | M7: 7.0244872e+12 | N7: 0 | O7: 2.3846314e+10 | P7: 6.8808309e+12 | Q7: 1.3929164e+13
A8: 107 | B8: 140401 | C8: 1.5704427e+11 | D8: 3.3216288e+11 | E8: 9.8222063e+12 | F8: 1.0311413e+13 | G8: 1.7934785e+11 | H8: 3.7933698e+11 | I8: 9.3058431e+12 | J8: 9.8645279e+12 | M8: 9.8645279e+12 | N8: 0 | O8: 5.6418941e+08 | P8: 1.1974642e+12 | Q8: 1.1062556e+13
A9: 108 | B9: 140401 | C9: 3.2931118e+11 | D9: 2.4114143e+11 | E9: 1.5097247e+13 | F9: 1.56677e+13 | G9: 3.7608029e+11 | H9: 2.7538857e+11 | I9: 1.410415e+13 | J9: 1.4755619e+13 | M9: 1.4755619e+13 | N9: 0 | O9: 2.2802369e+11 | P9: 3.0333111e+12 | Q9: 1.8016954e+13
A10: 109 | B10: 140401 | C10: 1.0138882e+12 | D10: 1.9554292e+11 | E10: 4.6152044e+12 | F10: 5.8246355e+12 | G10: 1.1578816e+12 | H10: 2.2331412e+11 | I10: 4.4685932e+12 | J10: 5.8497889e+12 | M10: 5.8497889e+12 | N10: 2.155427e+10 | O10: 398125000 | P10: 7.9476016e+11 | Q10: 6.6665014e+12
A11: 110 | B11: 140401 | C11: 1.7353873e+12 | D11: 1.7001045e+11 | E11: 1.1837251e+13 | F11: 1.3742649e+13 | G11: 1.9818487e+12 | H11: 1.9415551e+11 | I11: 1.1174933e+13 | J11: 1.3350938e+13 | M11: 1.3350938e+13 | N11: 154372010061 | O11: 3563790450827 | P11: 4.24125e+12 | Q11: 2.131035e+13
A12: 111 | B12: 140401 | C12: 1.3031296e+13 | D12: 7.9906479e+11 | E12: 1.8819879e+13 | F12: 3.2650239e+13 | G12: 1.4882014e+13 | H12: 9.1254878e+11 | I12: 1.5451723e+13 | J12: 3.1246285e+13 | K12: 1 | L12: 0.38241 | M12: 2.4976687e+13 | N12: 3.4364613e+10 | O12: 6.8839403e+11 | P12: 2.6152794e+12 | Q12: 2.8314725e+13
A13: 112 | B13: 140401 | C13: 1.2222365e+12 | D13: 3.5204269e+11 | E13: 1.2842662e+13 | F13: 1.4416941e+13 | G13: 1.3958198e+12 | H13: 4.0204015e+11 | I13: 1.2206911e+13 | J13: 1.4004771e+13 | M13: 1.4004771e+13 | N13: 9.8061867e+09 | O13: 2.4178135e+10 | P13: 3.6218263e+12 | Q13: 1.7660582e+13
A14: 114 | B14: 140401 | C14: 1.2835346e+12 | D14: 5.771729e+11 | E14: 1.4164659e+13 | F14: 1.6025366e+13 | G14: 1.4658235e+12 | H14: 6.5914357e+11 | I14: 1.3589007e+13 | J14: 15713974274049 | M14: 15713974274049 | N14: 0 | O14: 849224856517 | P14: 2.9624558e+12 | Q14: 1.9525655e+13
A15: 115 | B15: 140401 | C15: 1.1049918e+12 | D15: 6.8344825e+11 | E15: 1.9803123e+13 | F15: 2.1591563e+13 | G15: 1.2619238e+12 | H15: 7.8051225e+11 | I15: 1.8733318e+13 | J15: 2.0775754e+13 | M15: 2.0775754e+13 | N15: 5368387830 | O15: 8.0466735e+10 | P15: 1.0426063e+12 | Q15: 21904195916897
A16: 116 | B16: 140401 | C16: 3.1549826e+11 | D16: 4.7382585e+11 | E16: 1.6043496e+13 | F16: 1.683282e+13 | G16: 3.6030564e+11 | H16: 5.4111907e+11 | I16: 1.480497e+13 | J16: 1.5706395e+13 | M16: 1.5706395e+13 | N16: 0 | O16: 1.4091404e+11 | P16: 3.899177e+12 | Q16: 1.9746486e+13
A17: 117 | B17: 140401 | C17: 1.8171771e+12 | D17: 1.2560406e+12 | E17: 2.7992471e+13 | F17: 3.1065689e+13 | G17: 2.0752544e+12 | H17: 1.4344248e+12 | I17: 2.6171365e+13 | J17: 2.9681044e+13 | M17: 2.9681044e+13 | N17: 0 | O17: 1.8479126e+12 | P17: 7.3518771e+12 | Q17: 3.8880834e+13
A18: 118 | B18: 140401 | C18: 3.7123912e+11 | D18: 1.1252565e+11 | E18: 4.6725437e+12 | F18: 5.1563084e+12 | G18: 4.2396287e+11 | H18: 1.2850666e+11 | I18: 4.5003791e+12 | J18: 5.0528486e+12 | M18: 5.0528486e+12 | N18: 1.101127e+11 | O18: 9001655066 | P18: 1.3412898e+12 | Q18: 6.5132528e+12
A19: 119 | B19: 140401 | C19: 6.8909803e+11 | D19: 5.1878892e+11 | E19: 6.1197407e+12 | F19: 7.3276276e+12 | G19: 7.8696442e+11 | H19: 5.9246784e+11 | I19: 6.027045e+12 | J19: 7.4064772e+12 | M19: 7.4064772e+12 | N19: 1.3471564e+09 | O19: 2.0091213e+10 | P19: 5.0356139e+12 | Q19: 1.246353e+13
A20: 120 | B20: 140401 | C20: 2.6022353e+11 | D20: 9.7854727e+10 | E20: 1.1864625e+12 | F20: 1.5445407e+12 | G20: 2.9718074e+11 | H20: 1.1175215e+11 | I20: 1.2952124e+12 | J20: 1.7041453e+12 | M20: 1.7041453e+12 | N20: 103099593 | O20: 2.7580394e+10 | P20: 1990056078 | Q20: 1.7338189e+12
A21: 121 | B21: 140401 | C21: 2.8164504e+11 | D21: 1.4617502e+11 | E21: 3.6333058e+12 | F21: 4.0611258e+12 | G21: 3.2164454e+11 | H21: 1.6693494e+11 | I21: 3.5891902e+12 | J21: 4.0777696e+12 | M21: 4.0777696e+12 | N21: 0 | O21: 1.0904926e+11 | P21: 1.3783408e+12 | Q21: 5.5651597e+12
A22: 122 | B22: 140401 | C22: 1.0248113e+12 | D22: 3.1856237e+11 | E22: 9.7561979e+12 | F22: 1.1099572e+13 | G22: 1.1703561e+12 | H22: 3.6380491e+11 | I22: 9.5073173e+12 | J22: 1.1041478e+13 | M22: 1.1041478e+13 | N22: 0 | O22: 2.5075835e+10 | P22: 1.8163234e+10 | Q22: 1.1084717e+13
A23: 123 | B23: 140401 | C23: 8.9758244e+11 | D23: 6.1906176e+11 | E23: 24115490419476 | F23: 2.5632135e+13 | G23: 1.025058e+12 | H23: 7.0698153e+11 | I23: 21623660909922 | J23: 2.33557e+13 | K23: 1 | L23: 0.414167 | M23: 17853478108693 | N23: 0 | O23: 4.8644853e+11 | P23: 1.108092e+13 | Q23: 2.9420847e+13
A24: 124 | B24: 140401 | C24: 4.8530758e+11 | D24: 5.9716998e+12 | E24: 9.1036428e+12 | F24: 1.556065e+13 | G24: 5.5423144e+11 | H24: 6.8198065e+12 | I24: 8.1712659e+12 | J24: 1.5545304e+13 | K24: 2 | L24: 0.617385 | M24: 7.7592519e+12 | N24: 0 | O24: 3.6108556e+10 | P24: 7.9295557e+11 | Q24: 8.588316e+12
A25: 125 | B25: 140401 | C25: 4.2513821e+11 | D25: 2.5689936e+11 | E25: 8.4058195e+12 | F25: 9.0878571e+12 | G25: 4.8551676e+11 | H25: 2.9338446e+11 | I25: 7.9206356e+12 | J25: 8.6995369e+12 | M25: 8.6995369e+12 | N25: 1.2205675e+10 | O25: 7934330047 | P25: 5.8756376e+10 | Q25: 8.7784332e+12
A26: 126 | B26: 140401 | C26: 3.4266042e+11 | D26: 2.0846626e+11 | E26: 1.3918613e+13 | F26: 1.4469739e+13 | G26: 3.913254e+11 | H26: 2.3807285e+11 | I26: 1.3081352e+13 | J26: 1.3710751e+13 | M26: 1.3710751e+13 | N26: 0 | O26: 3.5966074e+10 | P26: 1.632833e+12 | Q26: 1.537955e+13
A27: 127 | B27: 140401 | C27: 1.375086e+12 | D27: 2.7255198e+11 | E27: 7.5763696e+12 | F27: 9.2240076e+12 | G27: 1.5703771e+12 | H27: 3.1126008e+11 | I27: 7.3033779e+12 | J27: 9.1850151e+12 | M27: 9.1850151e+12 | N27: 18332520425 | O27: 2.6662132e+11 | P27: 4.9032137e+12 | Q27: 1.4373183e+13
A28: 128 | B28: 140401 | C28: 9.9870394e+10 | D28: 1.7267839e+11 | E28: 6915668990042 | F28: 7.1882178e+12 | G28: 1.1405409e+11 | H28: 1.9720235e+11 | I28: 6.6165732e+12 | J28: 6.9278297e+12 | M28: 6.9278297e+12 | N28: 0 | O28: 955000000 | P28: 3.1939511e+10 | Q28: 6.9607242e+12
A29: 129 | B29: 140401 | C29: 3.3526272e+11 | D29: 2.3925414e+11 | E29: 8.0423442e+12 | F29: 8.616861e+12 | G29: 3.8287707e+11 | H29: 2.7323326e+11 | I29: 7.7640951e+12 | J29: 8.4202055e+12 | M29: 8.4202055e+12 | N29: 0 | O29: 4.9965748e+10 | P29: 4.991118e+11 | Q29: 8.969283e+12
A30: 130 | B30: 140401 | C30: 9.0399322e+11 | D30: 8.3373177e+11 | E30: 6.5811755e+12 | F30: 8.3189005e+12 | G30: 1.0323792e+12 | H30: 9.5213919e+11 | I30: 6.3710254e+12 | J30: 8.3555438e+12 | K30: 1 | L30: 0.251921 | M30: 7.8783328e+12 | N30: 2.9632994e+10 | O30: 2.0148609e+11 | P30: 2.5605812e+12 | Q30: 1.0670033e+13
A31: 132 | B31: 140401 | C31: 173403367898 | D31: 2.3180894e+11 | E31: 7.2817362e+12 | F31: 7.6869485e+12 | G31: 1.9803029e+11 | H31: 2.6473068e+11 | I31: 6.9255283e+12 | J31: 7.3882892e+12 | M31: 7.3882892e+12 | N31: 0 | O31: 3.4319509e+09 | P31: 5.0576935e+09 | Q31: 7.3967789e+12
A32: 133 | B32: 140401 | C32: 8.6174342e+11 | D32: 3.043357e+11 | E32: 17697430219990 | F32: 1.8863509e+13 | G32: 9.8412908e+11 | H32: 3.4755777e+11 | I32: 1.4994325e+13 | J32: 1.6326012e+13 | K32: 1 | L32: 0.544579 | M32: 1.0137851e+13 | N32: 0 | O32: 1.8522043e+11 | P32: 3.8955628e+11 | Q32: 1.0712627e+13
A33: 134 | B33: 140401 | C33: 690888529726 | D33: 1.5925667e+11 | E33: 7.8549424e+12 | F33: 8.7050876e+12 | G33: 7.8900921e+11 | H33: 1.8187446e+11 | I33: 7.2312128e+12 | J33: 8.2020965e+12 | M33: 8.2020965e+12 | N33: 0 | O33: 2.0164697e+11 | P33: 2.411244e+12 | Q33: 1.0814987e+13
A34: 135 | B34: 140401 | C34: 2.4821981e+11 | D34: 2.9501554e+11 | E34: 1.0685195e+13 | F34: 11228430834386 | G34: 2.8347224e+11 | H34: 3.3691394e+11 | I34: 9.909835e+12 | J34: 1.0530221e+13 | M34: 1.0530221e+13 | N34: 0 | O34: 1.9127147e+11 | P34: 8.4679858e+11 | Q34: 11568291185217
A35: 136 | B35: 140401 | C35: 4.2268185e+11 | D35: 1.4536583e+11 | E35: 8.5436218e+12 | F35: 9.1116695e+12 | G35: 4.8271155e+11 | H35: 1.6601083e+11 | I35: 8.3337306e+12 | J35: 8.982453e+12 | M35: 8.982453e+12 | N35: 1.3781647e+09 | O35: 4.0164364e+11 | P35: 3.8774695e+11 | Q35: 9.7732217e+12
A36: 140 | B36: 140401 | C36: 3.3306227e+11 | D36: 1.8859869e+11 | E36: 7.6171766e+12 | F36: 8.1388376e+12 | G36: 3.803641e+11 | H36: 2.1538367e+11 | I36: 7.0877143e+12 | J36: 7.683462e+12 | M36: 7.683462e+12 | N36: 0 | O36: 2.5637767e+10 | P36: 6.0960988e+09 | Q36: 7.7151959e+12
A37: 141 | B37: 140401 | C37: 4.8462449e+11 | D37: 3.609953e+11 | E37: 8.9222307e+12 | F37: 9.7678505e+12 | G37: 5.5345134e+11 | H37: 4.1226422e+11 | I37: 8.6249509e+12 | J37: 9.5906665e+12 | M37: 9.5906665e+12 | N37: 0 | O37: 7.6328279e+09 | P37: 6.0725562e+09 | Q37: 9.6043719e+12
A38: 142 | B38: 140401 | C38: 2.0209508e+12 | D38: 2815644937767 | E38: 1.4266542e+13 | F38: 1.9103138e+13 | G38: 2.3079683e+12 | H38: 3.2155256e+12 | I38: 1.388253e+13 | J38: 1.9406024e+13 | M38: 1.9406024e+13 | N38: 4.0710615e+10 | O38: 2.1289215e+12 | P38: 1.2065081e+13 | Q38: 3.3640737e+13
A39: 143 | B39: 140401 | C39: 5.5070231e+11 | D39: 2.4605077e+11 | E39: 8.2439649e+12 | F39: 9.040718e+12 | G39: 6.289136e+11 | H39: 2.8099515e+11 | I39: 7.9519389e+12 | J39: 8.8618477e+12 | M39: 8.8618477e+12 | N39: 13197969129 | O39: 104318526433 | P39: 4.9766269e+11 | Q39: 9.4770268e+12
A40: 145 | B40: 140401 | C40: 113236818832 | D40: 1.1011101e+11 | E40: 2.3536803e+12 | F40: 2.5770281e+12 | G40: 1.2931883e+11 | H40: 1.2574909e+11 | I40: 2.3066914e+12 | J40: 2.5617593e+12 | M40: 2.5617593e+12 | N40: 0 | O40: 1.5107516e+09 | P40: 1.7532077e+11 | Q40: 2.7385908e+12
A41: 146 | B41: 140401 | C41: 7.2589377e+11 | D41: 3.0249146e+11 | E41: 9.00854e+12 | F41: 1.0036925e+13 | G41: 8.2898592e+11 | H41: 3.454516e+11 | I41: 8.7331309e+12 | J41: 9.9075684e+12 | M41: 9.9075684e+12 | N41: 0 | O41: 1.2756314e+11 | P41: 1.375422e+12 | Q41: 11410553539605
A42: 147 | B42: 140401 | C42: 1.7887771e+13 | D42: 4.2290196e+12 | E42: 4.5312716e+13 | F42: 6.7429506e+13 | G42: 20428209607635 | H42: 4.8296292e+12 | I42: 4.286234e+13 | J42: 6.8120179e+13 | K42: 1 | L42: 0.243126 | M42: 6.4888653e+13 | N42: 5.0167141e+11 | O42: 6.2384005e+12 | P42: 4.2077901e+13 | Q42: 113706625507897
A43: 148 | B43: 140401 | C43: 1.3068306e+11 | D43: 1.9288478e+11 | E43: 4.9544756e+12 | F43: 5.2780435e+12 | G43: 1.492428e+11 | H43: 2.2027847e+11 | I43: 4.6548537e+12 | J43: 5.024375e+12 | K43: 1 | L43: 0.241566 | M43: 4.7946475e+12 | N43: 70029500000 | O43: 1.8546696e+09 | P43: 1.5665687e+11 | Q43: 5.0231885e+12
A44: 149 | B44: 140401 | C44: 1.3148912e+11 | D44: 1.7853242e+11 | E44: 8.4954407e+12 | F44: 8.8054622e+12 | G44: 1.5016334e+11 | H44: 2.0388777e+11 | I44: 7.9418013e+12 | J44: 8.2958524e+12 | M44: 8.2958524e+12 | N44: 0 | O44: 8.8903663e+09 | P44: 1.5323064e+10 | Q44: 8.3200659e+12
A45: 150 | B45: 140401 | C45: 9.8238234e+10 | D45: 1.7679073e+11 | E45: 1.6000601e+13 | F45: 1.627563e+13 | G45: 1.1219013e+11 | H45: 2.0189873e+11 | I45: 15002547214782 | J45: 1.5316636e+13 | M45: 1.5316636e+13 | N45: 0 | O45: 1.4731696e+10 | P45: 2.5720496e+11 | Q45: 1.5588573e+13
A46: 151 | B46: 140401 | C46: 3.4389732e+11 | D46: 5.2110234e+11 | E46: 8.5865999e+12 | F46: 9.4515995e+12 | G46: 3.9273797e+11 | H46: 5.9510981e+11 | I46: 8.0362933e+12 | J46: 9.0241411e+12 | M46: 9.0241411e+12 | N46: 15529250000 | O46: 2.2793828e+11 | P46: 7.2128572e+11 | Q46: 9.9888943e+12
A47: 152 | B47: 140401 | C47: 1.4007072e+12 | D47: 1.9659287e+11 | E47: 1.6639323e+13 | F47: 18236623569563 | G47: 1.599637e+12 | H47: 2.2451319e+11 | I47: 15035342632383 | J47: 1.6859493e+13 | K47: 1 | L47: 0.330882 | M47: 1.4432228e+13 | N47: 18600000000 | O47: 6.8201564e+11 | P47: 6.9129448e+12 | Q47: 2.2045789e+13
A48: 153 | B48: 140401 | C48: 1.048178e+12 | D48: 4.525241e+11 | E48: 7.4385306e+12 | F48: 8.9392327e+12 | G48: 1.1970413e+12 | H48: 5.1679202e+11 | I48: 7.3732278e+12 | J48: 9.0870611e+12 | M48: 9.0870611e+12 | N48: 1.2149677e+09 | O48: 2.0912821e+11 | P48: 6.580428e+11 | Q48: 9.9554471e+12
A49: 154 | B49: 140401 | C49: 1.3417669e+11 | D49: 2.1313349e+11 | E49: 6.3085613e+12 | F49: 6.6558715e+12 | G49: 1.532326e+11 | H49: 2.4340292e+11 | I49: 6.0875976e+12 | J49: 6.4842332e+12 | M49: 6.4842332e+12 | N49: 0 | O49: 41617321040 | P49: 2.0963252e+10 | Q49: 6.5468137e+12
A50: 155 | B50: 140401 | C50: 5.1969602e+11 | D50: 9.3949499e+11 | E50: 1.3359075e+13 | F50: 1.4818266e+13 | G50: 5.9350376e+11 | H50: 1.072923e+12 | I50: 1.2500221e+13 | J50: 1.4166647e+13 | M50: 1.4166647e+13 | N50: 1824491323 | O50: 6.3973989e+11 | P50: 3.0506168e+12 | Q50: 1.7858828e+13
A51: 156 | B51: 140401 | C51: 7.0663496e+11 | D51: 7.1404761e+11 | E51: 1.9412056e+13 | F51: 2.0832739e+13 | G51: 8.0699196e+11 | H51: 8.1545736e+11 | I51: 1.756529e+13 | J51: 1.9187739e+13 | K51: 1 | L51: 0.510003 | M51: 1.2644657e+13 | N51: 0 | O51: 1.6170787e+12 | P51: 1.8917822e+12 | Q51: 1.6153518e+13
A52: 157 | B52: 140401 | C52: 1.0562113e+12 | D52: 7.2589289e+11 | E52: 6.9575084e+12 | F52: 8.7396126e+12 | G52: 1.2062155e+12 | H52: 8.2898492e+11 | I52: 6.7241396e+12 | J52: 8.7593401e+12 | M52: 8.7593401e+12 | N52: 0 | O52: 1.1849515e+11 | P52: 2.930192e+12 | Q52: 11808027197422
A53: 159 | B53: 140401 | C53: 1.0284798e+11 | D53: 1.5986476e+11 | E53: 7.5897273e+12 | F53: 7.85244e+12 | G53: 1.1745456e+11 | H53: 1.8256891e+11 | I53: 7.2508839e+12 | J53: 7.5509073e+12 | M53: 7.5509073e+12 | N53: 0 | O53: 11501800000 | P53: 7.3310484e+09 | Q53: 7.5697402e+12
A54: 160 | B54: 140401 | C54: 1.9008254e+11 | D54: 1.8634601e+11 | E54: 4.5581155e+12 | F54: 4.9345441e+12 | G54: 2.1707826e+11 | H54: 2.1281106e+11 | I54: 4.3953224e+12 | J54: 4.8252117e+12 | M54: 4.8252117e+12 | N54: 0 | O54: 3174491509 | P54: 2.5388495e+09 | Q54: 4.8309251e+12
A55: 161 | B55: 140401 | C55: 4.9215988e+11 | D55: 2.7915548e+11 | E55: 9.4286617e+12 | F55: 1.0199977e+13 | G55: 5.6205692e+11 | H55: 3.1880142e+11 | I55: 8.9835817e+12 | J55: 9.8644401e+12 | M55: 9.8644401e+12 | N55: 2052729307 | O55: 5.4786297e+11 | P55: 1.8981006e+12 | Q55: 1.2312456e+13
A56: 162 | B56: 140401 | C56: 5.9144417e+11 | D56: 4.5776161e+11 | E56: 4.5538218e+12 | F56: 5.6030276e+12 | G56: 6.7544166e+11 | H56: 5.2277338e+11 | I56: 4.5873151e+12 | J56: 5.7855302e+12 | M56: 5.7855302e+12 | N56: 6.0826387e+11 | O56: 1.7108462e+12 | P56: 8.0492289e+12 | Q56: 1.6153869e+13
A57: 163 | B57: 140401 | C57: 4.0184974e+11 | D57: 3.663318e+11 | E57: 1.5444364e+13 | F57: 1.6212545e+13 | G57: 4.5892084e+11 | H57: 4.1835861e+11 | I57: 1.4752008e+13 | J57: 1.5629288e+13 | M57: 1.5629288e+13 | N57: 4.537086e+10 | O57: 213616559642 | P57: 1.2816977e+12 | Q57: 1.7169973e+13
A58: 164 | B58: 140401 | C58: 2.6631433e+11 | D58: 2.2869275e+11 | E58: 11087877200955 | F58: 1.1582884e+13 | G58: 3.0413656e+11 | H58: 2.6117193e+11 | I58: 1.077857e+13 | J58: 11343878265586 | M58: 11343878265586 | N58: 0 | O58: 4.2637213e+11 | P58: 2.331498e+12 | Q58: 14101748441286
A59: 167 | B59: 140401 | C59: 8.3105793e+11 | D59: 5.8489572e+11 | E59: 1.6476238e+13 | F59: 1.7892192e+13 | G59: 9.4908561e+11 | H59: 6.679632e+11 | I59: 1.6093676e+13 | J59: 1.7710725e+13 | M59: 1.7710725e+13 | N59: 0 | O59: 3.3571989e+12 | P59: 1951288759159 | Q59: 2.3019213e+13
A60: 168 | B60: 140401 | C60: 3.2257946e+11 | D60: 1.7312784e+11 | E60: 6.0382003e+12 | F60: 6.5339076e+12 | G60: 3.6839252e+11 | H60: 1.9771563e+11 | I60: 5.8237717e+12 | J60: 6.3898799e+12 | M60: 6.3898799e+12 | N60: 0 | O60: 29931125664 | P60: 12960892065477 | Q60: 1.9380703e+13
A61: 169 | B61: 140401 | C61: 1.345371e+11 | D61: 2.5047396e+11 | E61: 8.8478764e+12 | F61: 9.2328874e+12 | G61: 1.536442e+11 | H61: 2.8604653e+11 | I61: 8.404058e+12 | J61: 8.8437488e+12 | M61: 8.8437488e+12 | N61: 0 | O61: 4225500000 | P61: 2.6951144e+10 | Q61: 8.8749254e+12
A62: 170 | B62: 140401 | C62: 2.0234481e+12 | D62: 1.8079818e+12 | E62: 1.828507e+13 | F62: 2.21165e+13 | G62: 2.3108202e+12 | H62: 2.0647532e+12 | I62: 1.7463357e+13 | J62: 2.183893e+13 | M62: 2.183893e+13 | N62: 1.2215055e+11 | O62: 7.3658736e+11 | P62: 5.7549718e+12 | Q62: 2.845264e+13
A63: 171 | B63: 140401 | C63: 5.1312646e+11 | D63: 3.1605065e+11 | E63: 3.9592605e+12 | F63: 4.7884376e+12 | G63: 5.8600119e+11 | H63: 3.6093647e+11 | I63: 3.7903307e+12 | J63: 4.7372684e+12 | M63: 4.7372684e+12 | N63: 0 | O63: 4.385109e+11 | P63: 3.8039628e+11 | Q63: 5.5561756e+12
A64: 172 | B64: 140401 | C64: 6.7075366e+11 | D64: 3.0568586e+11 | E64: 1.2892962e+13 | F64: 13869401657253 | G64: 7.6601477e+11 | H64: 3.4909968e+11 | I64: 1.2301678e+13 | J64: 1.3416792e+13 | M64: 1.3416792e+13 | N64: 0 | O64: 9.5533392e+10 | P64: 3.8790761e+12 | Q64: 1.7391402e+13
A65: 173 | B65: 140401 | C65: 7.5812397e+11 | D65: 2.0845092e+11 | E65: 2.243707e+13 | F65: 23403645002175 | G65: 8.6579349e+11 | H65: 2.3805532e+11 | I65: 2.1058851e+13 | J65: 2.2162699e+13 | K65: 1 | L65: 0.461319 | M65: 1.5792012e+13 | N65: 0 | O65: 1.0971442e+12 | P65: 6.8181276e+11 | Q65: 1.7570969e+13
A66: 174 | B66: 140401 | C66: 6.8335531e+11 | D66: 2.1079735e+11 | E66: 7.541219e+12 | F66: 8.4353717e+12 | G66: 7.8040612e+11 | H66: 2.40735e+11 | I66: 7.2215543e+12 | J66: 8.2426954e+12 | M66: 8.2426954e+12 | N66: 0 | O66: 5.4546509e+11 | P66: 2.4352436e+12 | Q66: 1.1223404e+13
A67: 175 | B67: 140401 | C67: 2.7919455e+11 | D67: 4.0681911e+11 | E67: 1.4395753e+13 | F67: 1.5081766e+13 | G67: 3.1884604e+11 | H67: 4.6459596e+11 | I67: 1.363606e+13 | J67: 1.4419502e+13 | M67: 1.4419502e+13 | N67: 0 | O67: 1.2188332e+11 | P67: 9.647386e+09 | Q67: 1.4551033e+13
A68: 176 | B68: 140401 | C68: 1.9462488e+11 | D68: 2.7767062e+11 | E68: 9.1602524e+12 | F68: 9.6325479e+12 | G68: 2.222657e+11 | H68: 3.1710568e+11 | I68: 8.664298e+12 | J68: 9.2036694e+12 | M68: 9.2036694e+12 | N68: 540616368 | O68: 2.0556806e+11 | P68: 3.5763111e+12 | Q68: 1.2986089e+13
A69: 177 | B69: 140401 | C69: 8.3967663e+11 | D69: 3.652052e+11 | E69: 5.1946042e+12 | F69: 6.399486e+12 | G69: 9.5892834e+11 | H69: 4.17072e+11 | I69: 5.3295652e+12 | J69: 6.7055655e+12 | M69: 6.7055655e+12 | N69: 0 | O69: 8109609512 | P69: 8.7791402e+12 | Q69: 1.5492815e+13
A70: 178 | B70: 140401 | C70: 1.4731095e+12 | D70: 1.6888912e+11 | E70: 13343318001876 | F70: 1.4985317e+13 | G70: 1.682322e+12 | H70: 1.9287492e+11 | I70: 12170013363335 | J70: 1.404521e+13 | K70: 1 | L70: 0.217029 | M70: 1.3782117e+13 | N70: 4539369600 | O70: 1.4294528e+11 | P70: 3.3430704e+12 | Q70: 1.7272672e+13
A71: 179 | B71: 140401 | C71: 1.827964e+11 | D71: 2.0983551e+11 | E71: 3.9773645e+12 | F71: 4.3699964e+12 | G71: 2.0875733e+11 | H71: 2.3963656e+11 | I71: 3.8004156e+12 | J71: 4.2488095e+12 | M71: 4.2488095e+12 | N71: 0 | O71: 1.3745261e+11 | P71: 1.9587513e+11 | Q71: 4.5821372e+12
A72: 180 | B72: 140401 | C72: 3.4981635e+11 | D72: 4.2978922e+11 | E72: 6.2735826e+12 | F72: 7.0531881e+12 | G72: 3.9949762e+11 | H72: 4.9082831e+11 | I72: 5.9717856e+12 | J72: 6.8621115e+12 | M72: 6.8621115e+12 | N72: 19649441575 | O72: 4395881759 | P72: 1.600855e+11 | Q72: 7.0462424e+12
A73: 181 | B73: 140401 | C73: 5.3675892e+11 | D73: 2.4221948e+11 | E73: 7.192421e+12 | F73: 7.9713993e+12 | G73: 6.1298996e+11 | H73: 2.7661973e+11 | I73: 6.9249995e+12 | J73: 7.8146092e+12 | M73: 7.8146092e+12 | N73: 0 | O73: 5.80141e+11 | P73: 7.739462e+12 | Q73: 1.6134212e+13
A74: 184 | B74: 140401 | C74: 3.3382656e+11 | D74: 2.0378305e+11 | E74: 6.5405549e+12 | F74: 7.0781645e+12 | G74: 3.8123694e+11 | H74: 2.3272452e+11 | I74: 6.2052599e+12 | J74: 6.8192214e+12 | M74: 6.8192214e+12 | N74: 0 | O74: 2.995378e+11 | P74: 4.8807851e+11 | Q74: 7.6068377e+12
A75: 187 | B75: 140401 | C75: 4.155523e+11 | D75: 9.4693394e+10 | E75: 3.3903517e+12 | F75: 3.9005974e+12 | G75: 4.7456945e+11 | H75: 1.0814184e+11 | I75: 3.2171861e+12 | J75: 3.7998974e+12 | K75: 1 | L75: 0.223641 | M75: 3.7010806e+12 | N75: 0 | O75: 4.0988661e+10 | P75: 1.0487281e+12 | Q75: 4.7907974e+12
A76: 188 | B76: 140401 | C76: 3.1697092e+12 | D76: 2.5795365e+11 | E76: 6629702395573 | F76: 10057365278784 | G76: 3.6198745e+12 | H76: 2.9458848e+11 | I76: 6.4575025e+12 | J76: 1.0371965e+13 | M76: 1.0371965e+13 | N76: 33810000000 | O76: 7.1056169e+11 | P76: 6.802375e+12 | Q76: 1.7918712e+13
A77: 190 | B77: 140401 | C77: 1.1032447e+12 | D77: 1.8782442e+11 | E77: 3.7276467e+12 | F77: 5.0187158e+12 | G77: 1.2599286e+12 | H77: 2.1449944e+11 | I77: 3.7260028e+12 | J77: 5.2004309e+12 | M77: 5.2004309e+12 | N77: 0 | O77: 1.5082041e+09 | P77: 1.6091552e+11 | Q77: 5.3628546e+12
A78: 201 | B78: 140401 | C78: 5.9889665e+11 | D78: 2.3866814e+11 | E78: 8.4324962e+12 | F78: 9.270061e+12 | G78: 6.8395255e+11 | H78: 2.7256403e+11 | I78: 8.0521063e+12 | J78: 9.0086229e+12 | M78: 9.0086229e+12 | N78: 0 | O78: 694343133359 | P78: 7.733629e+11 | Q78: 1.0476329e+13
A79: 202 | B79: 140401 | C79: 5.2730597e+11 | D79: 7.456643e+11 | E79: 2.016645e+13 | F79: 2.143942e+13 | G79: 6.021945e+11 | H79: 8.5156429e+11 | I79: 1.8413239e+13 | J79: 1.9866998e+13 | K79: 1 | L79: 0.267361 | M79: 1.8394911e+13 | N79: 0 | O79: 1.114047e+12 | P79: 7.5719436e+11 | Q79: 2.0266152e+13
A80: 205 | B80: 140401 | C80: 3.406623e+11 | D80: 2.1810338e+11 | E80: 1.5837599e+13 | F80: 1.6396365e+13 | G80: 3.8904351e+11 | H80: 2.4907864e+11 | I80: 1.5305962e+13 | J80: 1.5944084e+13 | K80: 1 | L80: 0.266378 | M80: 1.4779914e+13 | N80: 0 | O80: 2.5850134e+11 | P80: 3.6501205e+12 | Q80: 1.8688536e+13
A81: 206 | B81: 140401 | C81: 3.333983e+11 | D81: 2.2792425e+11 | E81: 1.2181262e+13 | F81: 1.2742585e+13 | G81: 3.8074786e+11 | H81: 2.6029428e+11 | I81: 1.1283223e+13 | J81: 1.1924265e+13 | M81: 1.1924265e+13 | N81: 0 | O81: 7786584943 | P81: 1.9626283e+12 | Q81: 1.389468e+13
A82: 207 | B82: 140401 | C82: 8.2354611e+11 | D82: 4.8177967e+11 | E82: 9.313855e+12 | F82: 1.0619181e+13 | G82: 9.4050695e+11 | H82: 5.502025e+11 | I82: 9.0796395e+12 | J82: 1.0570349e+13 | M82: 1.0570349e+13 | N82: 0 | O82: 3.4993769e+11 | P82: 3.5089566e+12 | Q82: 14429243255663
A83: 209 | B83: 140401 | C83: 2.7508059e+11 | D83: 1.8620077e+11 | E83: 5.2313044e+12 | F83: 5.6925857e+12 | G83: 3.1414781e+11 | H83: 2.1264519e+11 | I83: 5.0717287e+12 | J83: 5.5985217e+12 | M83: 5.5985217e+12 | N83: 0 | O83: 2.294596e+10 | P83: 7.6443456e+10 | Q83: 5.6979111e+12
A84: 210 | B84: 140401 | C84: 4.6337013e+11 | D84: 2.9645228e+11 | E84: 14405004062752 | F84: 1.5164826e+13 | G84: 5.2917842e+11 | H84: 3.3855473e+11 | I84: 1.3568174e+13 | J84: 1.4435907e+13 | M84: 1.4435907e+13 | N84: 0 | O84: 1.7223518e+11 | P84: 2.0012614e+12 | Q84: 1.6609404e+13
A85: 211 | B85: 140401 | C85: 4.7995097e+11 | D85: 1.4231528e+11 | E85: 10826182590935 | F85: 1.1448449e+13 | G85: 5.4811408e+11 | H85: 1.6252704e+11 | I85: 9.6577452e+12 | J85: 1.0368386e+13 | K85: 1 | L85: 0.380021 | M85: 8.3152063e+12 | N85: 25786698600 | O85: 695761715153 | P85: 3.1371723e+11 | Q85: 9.350472e+12
A86: 212 | B86: 140401 | C86: 9.2259065e+11 | D86: 2.0946155e+11 | E86: 9.3067192e+12 | F86: 1.0438771e+13 | G86: 1.0536179e+12 | H86: 2.3920949e+11 | I86: 8.9821101e+12 | J86: 1.0274937e+13 | M86: 1.0274937e+13 | N86: 0 | O86: 1.301057e+11 | P86: 6.6192321e+12 | Q86: 17024275307909
A87: 213 | B87: 140401 | C87: 9.5784071e+11 | D87: 3.1368055e+11 | E87: 1.0573788e+13 | F87: 1.1845309e+13 | G87: 1.0938742e+12 | H87: 3.5822977e+11 | I87: 1.0009253e+13 | J87: 11461357239011 | M87: 11461357239011 | N87: 0 | O87: 2.5374115e+11 | P87: 3.6687737e+12 | Q87: 15383872112161
A88: 214 | B88: 140401 | C88: 2.8475439e+12 | D88: 9.5681347e+11 | E88: 7.2071575e+12 | F88: 1.1011515e+13 | G88: 3.2519549e+12 | H88: 1.0927011e+12 | I88: 7.1562533e+12 | J88: 1.1500909e+13 | M88: 1.1500909e+13 | N88: 8.1326539e+10 | O88: 9.7327666e+11 | P88: 1.5802566e+13 | Q88: 2.8358079e+13
A89: 215 | B89: 140401 | C89: 1.4001212e+12 | D89: 1.4906176e+11 | E89: 8.0437987e+12 | F89: 9.5929817e+12 | G89: 1.5989679e+12 | H89: 1.7023166e+11 | I89: 7.8105768e+12 | J89: 9.5797763e+12 | K89: 1 | L89: 0.206182 | M89: 9.5146319e+12 | N89: 0 | O89: 7.1917212e+11 | P89: 8.8473581e+12 | Q89: 1.9081162e+13
A90: 216 | B90: 140401 | C90: 1.9845462e+11 | D90: 1.4962054e+11 | E90: 9.3096763e+12 | F90: 9.6577515e+12 | G90: 2.2663934e+11 | H90: 1.708698e+11 | I90: 8.5938553e+12 | J90: 8.9913645e+12 | M90: 8.9913645e+12 | N90: 0 | O90: 1.3625629e+11 | P90: 1.2760715e+11 | Q90: 9.2552279e+12
A91: 217 | B91: 140401 | C91: 9.2494835e+11 | D91: 2.6040808e+11 | E91: 11541364542966 | F91: 1.2726721e+13 | G91: 1.0563104e+12 | H91: 2.9739149e+11 | I91: 1.065448e+13 | J91: 1.2008182e+13 | M91: 1.2008182e+13 | N91: 0 | O91: 2.1973621e+11 | P91: 1.9002542e+12 | Q91: 1.4128172e+13
A92: 219 | B92: 140401 | C92: 8.3662791e+11 | D92: 1.414332e+11 | E92: 7.0176563e+12 | F92: 7.9957174e+12 | G92: 9.5544664e+11 | H92: 1.6151969e+11 | I92: 6.5666386e+12 | J92: 7.6836049e+12 | M92: 7.6836049e+12 | N92: 0 | O92: 4.9825295e+11 | P92: 2.3421403e+12 | Q92: 1.0523998e+13
A93: 221 | B93: 140401 | C93: 7.5791544e+11 | D93: 1.562711e+11 | E93: 1.7776346e+13 | F93: 1.8690533e+13 | G93: 8.6555535e+11 | H93: 1.7846488e+11 | I93: 1.6373562e+13 | J93: 1.7417582e+13 | K93: 1 | L93: 0.353335 | M93: 1.4479784e+13 | N93: 0 | O93: 5.1698249e+10 | P93: 3.1004132e+12 | Q93: 1.7631896e+13
A94: 1001 | B94: 140401 | C94: 8.0571652e+11 | D94: 9.4697202e+11 | E94: 5.5049349e+12 | F94: 7.2576234e+12 | G94: 9.2014519e+11 | H94: 1.0814619e+12 | I94: 5.2153038e+12 | J94: 7.2169109e+12 | M94: 7.2169109e+12 | N94: 29935530302 | O94: 1.3769924e+11 | P94: 6.4936731e+12 | Q94: 1.3878219e+13
A95: 1002 | B95: 140401 | C95: 2.5678534e+11 | D95: 1.2623825e+11 | E95: 2.8453521e+12 | F95: 3.2283757e+12 | G95: 2.9325425e+11 | H95: 1.4416674e+11 | I95: 2.6889118e+12 | J95: 3.1263328e+12 | M95: 3.1263328e+12 | N95: 0 | O95: 2.3449703e+10 | P95: 2.1517998e+10 | Q95: 3.1713005e+12
A96: 1003 | B96: 140401 | C96: 2.188301e+11 | D96: 2.417122e+11 | E96: 2.9867441e+12 | F96: 3.4472864e+12 | G96: 2.4990857e+11 | H96: 2.760404e+11 | I96: 2.8364153e+12 | J96: 3.3623643e+12 | M96: 3.3623643e+12 | N96: 203974489 | O96: 8.2078532e+10 | P96: 1.4588235e+11 | Q96: 3.5905292e+12
A97: 1004 | B97: 140401 | C97: 1.4793573e+11 | D97: 8.296062e+10 | E97: 1.8074516e+12 | F97: 2.0383479e+12 | G97: 1.6894571e+11 | H97: 9.4742771e+10 | I97: 1.730868e+12 | J97: 1.9945565e+12 | M97: 1.9945565e+12 | N97: 116520666 | O97: 3.5145684e+10 | P97: 1.1342349e+11 | Q97: 2.1432422e+12
A98: 1006 | B98: 140401 | C98: 4.3637453e+11 | D98: 1.629832e+11 | E98: 2.9401188e+12 | F98: 3.5394766e+12 | G98: 4.9834887e+11 | H98: 1.8613024e+11 | I98: 2.8198533e+12 | J98: 3.5043324e+12 | M98: 3.5043324e+12 | N98: 4.794488e+09 | O98: 3.8022991e+10 | P98: 4.1342317e+10 | Q98: 3.5884922e+12
A99: 1008 | B99: 140401 | C99: 3.5180192e+11 | D99: 9.2019213e+10 | E99: 4.0789486e+12 | F99: 4.5227697e+12 | G99: 4.0176518e+11 | H99: 1.0508787e+11 | I99: 3.7911829e+12 | J99: 4.2980359e+12 | M99: 4.2980359e+12 | N99: 0 | O99: 1.0804839e+11 | P99: 2.4833276e+11 | Q99: 4.654417e+12
A100: 1021 | B100: 140401 | C100: 2.9078101e+11 | D100: 1.3310091e+11 | E100: 3.5041878e+12 | F100: 3.9280697e+12 | G100: 3.3207802e+11 | H100: 1.5200403e+11 | I100: 3.4275863e+12 | J100: 3.9116683e+12 | M100: 3.9116683e+12 | N100: 0 | O100: 5.1538534e+11 | P100: 1.6422896e+11 | Q100: 4.5912826e+12
...

Sheet تعداد سپرده ها
A1: branchcode | B1: SHYEARMONTH | C1: miangin_tedad_sepordeha
A2: 101 | B2: 140401 | C2: 33324
A3: 101 | B3: 140402 | C3: 33384
A4: 101 | B4: 140403 | C4: 33446
A5: 101 | B5: 140404 | C5: 34334
A6: 101 | B6: 140405 | C6: 33563
A7: 101 | B7: 140406 | C7: 33618
A8: 101 | B8: 140407 | C8: 33680
A9: 101 | B9: 140408 | C9: 33750
A10: 101 | B10: 140409 | C10: 33821
A11: 101 | B11: 140410 | C11: 33894
A12: 101 | B12: 140411 | C12: 33963
A13: 101 | B13: 140412 | C13: 34024
... A2677: 4021 | B2677: 140412 | C2677: 39663

Sheet میانگین مانده تسهیلات
A1: ID_Branch | B1: SHYEARMONTH | C1: miangin_mande_tashilat
A2: 101 | B2: 140401 | C2: 71746145824109
A3: 101 | B3: 140402 | C3: 72354803018084
A4: 101 | B4: 140403 | C4: 75310168200362
A5: 101 | B5: 140404 | C5: 77203154104240
A6: 101 | B6: 140405 | C6: 79092575618694
A7: 101 | B7: 140406 | C7: 81775023290367
A8: 101 | B8: 140407 | C8: 84809294385553
A9: 101 | B9: 140408 | C9: 87896298616221
A10: 101 | B10: 140409 | C10: 90544133977166
A11: 101 | B11: 140410 | C11: 93768469205084
A12: 101 | B12: 140411 | C12: 97247631534211
A13: 101 | B13: 140412 | C13: 100553010621487
... A2677: 4021 | B2677: 140412 | C2677: 477323535305

Sheet میانگین تعهدات
A1: ID_Branch | B1: SHYEARMONTH | C1: Avg_Taahodat
A2: 101 | B2: 140401 | C2: 86585015150571
A3: 101 | B3: 140402 | C3: 86993354543585
A4: 101 | B4: 140403 | C4: 88968296405140
A5: 101 | B5: 140404 | C5: 89779973119159
A6: 101 | B6: 140405 | C6: 90497502894305
A7: 101 | B7: 140406 | C7: 91264853503753
A8: 101 | B8: 140407 | C8: 91609117034739
A9: 101 | B9: 140408 | C9: 91993948906295
A10: 101 | B10: 140409 | C10: 92634475350035
A11: 101 | B11: 140410 | C11: 93460999705519
A12: 101 | B12: 140411 | C12: 94362688172843
A13: 101 | B13: 140412 | C13: 94791944348430
... A1489: 1502 | B1489: 140412 | C1489: 203279209706
A1490: 1521 | B1490: 140401
A1491: 1521 | B1491: 140402 | C1491: 532258065
A1492: 1521 | B1492: 140403 | C1492: 2286401745
A1493: 1521 | B1493: 140404 | C1493: 2326898082
A1494: 1521 | B1494: 140405 | C1494: 2723755529
A1495: 1521 | B1495: 140406 | C1495: 2292645736
A1496: 1521 | B1496: 140407 | C1496: 3393048193
A1497: 1521 | B1497: 140408 | C1497: 4481706209
A1498: 1521 | B1498: 140409 | C1498: 5453459574
A1499: 1521 | B1499: 140410 | C1499: 5644691279
A1500: 1521 | B1500: 140411 | C1500: 7286736797
A1501: 1521 | B1501: 140412 | C1501: 15044751439
A1502: 1531 | B1502: 140401 | C1502: 16997969328
... A2677: 4021 | B2677: 140412 | C2677: 649329291858

Sheet تعداد حجم عملیات
A1: ID_Branch | B1: SHYEARMONTH | C1: count_hajme_amaliat
A2: 101 | B2: 140401 | C2: 10736
A3: 101 | B3: 140402 | C3: 26872
A4: 101 | B4: 140403 | C4: 38603
A5: 101 | B5: 140404 | C5: 55764
A6: 101 | B6: 140405 | C6: 70316
A7: 101 | B7: 140406 | C7: 86773
A8: 101 | B8: 140407 | C8: 103042
A9: 101 | B9: 140408 | C9: 119206
A10: 101 | B10: 140409 | C10: 134724
A11: 101 | B11: 140410 | C11: 150764
A12: 101 | B12: 140411 | C12: 166889
A13: 101 | B13: 140412 | C13: 181485
... A217: 119 | B217: 140412 | C217: 165083
A218: 120 | B218: 140401 | C218: NULL
A219: 120 | B219: 140402 | C219: NULL
A220: 120 | B220: 140403 | C220: NULL
A221: 120 | B221: 140404 | C221: NULL
A222: 120 | B222: 140405 | C222: NULL
A223: 120 | B223: 140406 | C223: NULL
A224: 120 | B224: 140407 | C224: NULL
A225: 120 | B225: 140408 | C225: 3956
A226: 120 | B226: 140409 | C226: 6435
A227: 120 | B227: 140410 | C227: 9152
A228: 120 | B228: 140411 | C228: 12297
A229: 120 | B229: 140412 | C229: 15799
A230: 121 | B230: 140401 | C230: 10517
A231: 121 | B231: 140402 | C231: 26077
A232: 121 | B232: 140403 | C232: 38421
A233: 121 | B233: 140404 | C233: 52587
A234: 121 | B234: 140405 | C234: 67352
A235: 121 | B235: 140406 | C235: 83401
A236: 121 | B236: 140407 | C236: 99537
... A2677: 4021 | B2677: 140412 | C2677: 57622

Sheet میانگین تعداد تسهیلات
A1: ID_Branch | B1: SHYEARMONTH | C1: miangin_tedad_tashilat
A2: 101 | B2: 140401 | C2: 568
A3: 101 | B3: 140402 | C3: 571
A4: 101 | B4: 140403 | C4: 580
A5: 101 | B5: 140404 | C5: 585
A6: 101 | B6: 140405 | C6: 591
A7: 101 | B7: 140406 | C7: 599
A8: 101 | B8: 140407 | C8: 607
A9: 101 | B9: 140408 | C9: 617
A10: 101 | B10: 140409 | C10: 626
A11: 101 | B11: 140410 | C11: 641
A12: 101 | B12: 140411 | C12: 658
A13: 101 | B13: 140412 | C13: 674
... A2677: 4021 | B2677: 140412 | C2677: 138

Sheet میانگین تعداد تعهدات
A1: ID_Branch | B1: SHYEARMONTH | C1: Avg_Taahodat
A2: 101 | B2: 140401 | C2: 395
A3: 101 | B3: 140402 | C3: 397
A4: 101 | B4: 140403 | C4: 398
A5: 101 | B5: 140404 | C5: 398
A6: 101 | B6: 140405 | C6: 398
A7: 101 | B7: 140406 | C7: 398
A8: 101 | B8: 140407 | C8: 400
A9: 101 | B9: 140408 | C9: 402
A10: 101 | B10: 140409 | C10: 404
A11: 101 | B11: 140410 | C11: 406
A12: 101 | B12: 140411 | C12: 408
A13: 101 | B13: 140412 | C13: 408
... A1489: 1502 | B1489: 140412 | C1489: 20
A1490: 1521 | B1490: 140401
A1491: 1521 | B1491: 140402
A1492: 1521 | B1492: 140403
A1493: 1521 | B1493: 140404
A1494: 1521 | B1494: 140405
A1495: 1521 | B1495: 140406
A1496: 1521 | B1496: 140407
A1497: 1521 | B1497: 140408
A1498: 1521 | B1498: 140409
A1499: 1521 | B1499: 140410 | C1499: 1
A1500: 1521 | B1500: 140411 | C1500: 1
A1501: 1521 | B1501: 140412 | C1501: 1
A1502: 1531 | B1502: 140401 | C1502: 4
A1503: 1531 | B1503: 140402 | C1503: 3
A1504: 1531 | B1504: 140403 | C1504: 3
A1505: 1531 | B1505: 140404 | C1505: 3
A1506: 1531 | B1506: 140405 | C1506: 3
A1507: 1531 | B1507: 140406 | C1507: 3
A1508: 1531 | B1508: 140407 | C1508: 3
A1509: 1531 | B1509: 140408 | C1509: 3
A1510: 1531 | B1510: 140409 | C1510: 4
... A2677: 4021 | B2677: 140412 | C2677: 21

Sheet سود و زیان
A1: SHYEARMONTH | B1: branchcode | C1: mande_SoodoZian
A2: 140401 | B2: 101 | C2: 847176153291
A3: 140402 | B3: 101 | C3: 1369291872461
A4: 140403 | B4: 101 | C4: 1864990033727
A5: 140404 | B5: 101 | C5: 2872041379756
A6: 140405 | B6: 101 | C6: 3557778482851
A7: 140406 | B7: 101 | C7: 4261063861674
A8: 140407 | B8: 101 | C8: 5119478162800
A9: 140408 | B9: 101 | C9: 5870129622504
A10: 140409 | B10: 101 | C10: 6902075918097
A11: 140410 | B11: 101 | C11: 7902460351320
A12: 140411 | B12: 101 | C12: 9879073572427
A13: 140412 | B13: 101 | C13: 10765429399129
... A2677: 140412 | B2677: 4021 | C2677: 226579527465

Sheet ميانگين نرخ سود كل سپرده ها
A1: SHYEARMONTH | B1: AvgRate
A2: 140401 | B2: 14.202105
A3: 140402 | B3: 14.763083
A4: 140403 | B4: 14.926637
A5: 140404 | B5: 14.953677
A6: 140405 | B6: 14.963493
A7: 140406 | B7: 14.944305
A8: 140407 | B8: 14.918911
A9: 140408 | B9: 14.882035
A10: 140409 | B10: 14.841207
A11: 140410 | B11: 14.800881
A12: 140411 | B12: 14.763271
A13: 140412 | B13: 14.728126

Sheet ميانگين نرخ سود سپرده هاي مدت د
A1: ID_Branch | B1: SHYEARMONTH | C1: DepositRate
A2: 101 | B2: 140401 | C2: 10.445118
A3: 101 | B3: 140402 | C3: 10.361012
A4: 101 | B4: 140403 | C4: 10.280496
A5: 101 | B5: 140404 | C5: 10.093251
A6: 101 | B6: 140405 | C6: 9.968383
A7: 101 | B7: 140406 | C7: 10.078421
A8: 101 | B8: 140407 | C8: 10.241105
A9: 101 | B9: 140408 | C9: 10.461136
A10: 101 | B10: 140409 | C10: 10.686499
A11: 101 | B11: 140410 | C11: 10.861306
A12: 101 | B12: 140411 | C12: 10.988992
A13: 101 | B13: 140412 | C13: 11.06917
... A2677: 4021 | B2677: 140412 | C2677: 15.936674
